filename,width,height,class,xmin,ymin,xmax,ymax
87_jpg.rf.b1be2e750c2bc7e52c6b9474ab9012f8.jpg,640,640,sitting,193,16,624,542
n02099601_6105_jpg.rf.b3dd856da4aee0ec9dddc0ba560e050e.jpg,640,640,sitting,111,247,586,623
41_jpg.rf.b418378663596f713b394872ade19407.jpg,640,640,laying down,36,86,640,596
2019-01-31_22-25-34_UTC_jpg.rf.b46165792c253a238c62edfecb032cd1.jpg,640,640,squatting,269,473,370,525
n02099712_6248_jpg.rf.b4b9caa868ab1afd54e7470c1f21569b.jpg,640,640,sitting,57,266,305,627
n02099712_6248_jpg.rf.b4b9caa868ab1afd54e7470c1f21569b.jpg,640,640,sitting,278,44,457,399
n02099601_2029_jpg.rf.b7bee508d882575880aac3f2f6e46919.jpg,640,640,sitting,186,193,393,570
2021-07-26_00-30-59_UTC_jpg.rf.b495a63697d2a7e957ef3ac02d7783e6.jpg,640,640,squatting,64,480,309,619
2016-10-25_03-08-31_UTC_jpg.rf.b978ee26b32fcc2dd57ffffbc502d947.jpg,640,640,squatting,194,43,392,274
166_jpg.rf.bb132b9562b9010e46d0308f2de0d400.jpg,640,640,laying down,39,301,225,640
166_jpg.rf.bb132b9562b9010e46d0308f2de0d400.jpg,640,640,laying down,408,204,538,542
166_jpg.rf.bb132b9562b9010e46d0308f2de0d400.jpg,640,640,laying down,198,291,341,559
183_jpg.rf.c0b9f8f9e267e70077a19e4fa95e0bef.jpg,640,640,laying down,237,97,631,600
2016-02-29_19-57-34_UTC_jpg.rf.b539de84990da5d64e0c76a175116cac.jpg,640,640,squatting,311,275,452,373
112_jpg.rf.bb3df7b3294167c9e7b2c6546549fd3e.jpg,640,640,laying down,5,117,548,467
199_jpg.rf.b331c28105e92e0757086219880e84e9.jpg,640,640,laying down,58,63,504,621
2020-06-22_20-51-11_UTC_jpg.rf.c399164c94501329330b09bfc7ebb9ce.jpg,640,640,squatting,474,468,640,576
2022-10-30_16-45-14_UTC_jpg.rf.c349c57779fa09b0940268997123de11.jpg,640,640,squatting,167,424,448,621
55_jpg.rf.bb8ebbe10c014b4ff5180570f520ef6c.jpg,640,640,sitting,163,0,613,640
2016-08-18_04-05-19_UTC_jpg.rf.c3ed5c10d99f2b5cd6b89d330f0e3eab.jpg,640,640,squatting,81,381,583,631
2022-11-14_16-33-24_UTC_jpg.rf.ba2cda9edc241c647fb70099c8ecc2ef.jpg,640,640,squatting,161,413,442,568
91_jpg.rf.c6539f184b509bc64704e2227cec8e4a.jpg,640,640,sitting,154,32,558,617
163_jpg.rf.bd896d3c167de93cd47dce984c9517cb.jpg,640,640,laying down,29,339,303,564
163_jpg.rf.bd896d3c167de93cd47dce984c9517cb.jpg,640,640,laying down,409,419,640,582
95_jpg.rf.cbc4cfa6fe31dceaaf32df13b0d1dfd7.jpg,640,640,sitting,160,119,471,534
94_jpg.rf.bfa2f640d6801b4dd95cd41a063df7a8.jpg,640,640,sitting,13,31,487,507
50_jpg.rf.b55e0b336f11b8f1a00f84351e110a41.jpg,640,640,sitting,85,48,539,620
42_jpg.rf.ca582f24921d404b09e66066ffd4f545.jpg,640,640,sitting,99,55,615,611
143_jpg.rf.c6d6fca835901ea1b21df1054e681843.jpg,640,640,laying down,46,119,594,567
n02099849_693_jpg.rf.d07b680cb837252cf023c586f2777d73.jpg,640,640,sitting,31,265,276,640
n02099849_693_jpg.rf.d07b680cb837252cf023c586f2777d73.jpg,640,640,sitting,321,286,639,640
n02099849_2944_jpg.rf.c3a276980f807ec554861743bdb35e80.jpg,640,640,sitting,190,76,640,585
77_jpg.rf.d605ebf993af123ef4dc4a3f0631333a.jpg,640,640,sitting,191,115,476,640
3_jpg.rf.d1e2fa57f86d034ffb45980e748e0cff.jpg,640,640,laying down,103,145,640,412
25_jpg.rf.d3d90cc154dea7d5894072536abe2447.jpg,640,640,sitting,26,17,627,634
2015-12-01_14-16-50_UTC_jpg.rf.d54b1817b47f45b3cde51cc04567f3b1.jpg,640,640,squatting,342,392,429,488
2022-03-21_15-33-47_UTC_jpg.rf.d385b92a9b317b7b80428a4689e79c31.jpg,640,640,squatting,348,397,425,476
93_jpg.rf.d4824d2d4e34df295b86b4a07b76d386.jpg,640,640,sitting,29,75,566,584
2021-02-18_17-41-50_UTC_jpg.rf.c9599e0438708b412cac4e5730c23d39.jpg,640,640,squatting,302,270,405,403
6_jpg.rf.c9965087b998959788b439d24240d250.jpg,640,640,sitting,193,137,490,598
65_jpg.rf.dad9d4fabce8165cce1f5d127221923a.jpg,640,640,sitting,113,173,515,590
2018-03-29_02-29-58_UTC_jpg.rf.d8e1369eb8a3bf3f027327a0bda77dca.jpg,640,640,squatting,48,450,217,629
21_jpg.rf.cf5efba73b76cce2312b9cb929f77439.jpg,640,640,sitting,142,94,596,591
1_jpg.rf.cf5ea9b0e496a345fe4075229d55dc7b.jpg,640,640,laying down,276,294,543,470
108_jpg.rf.cda38c380d2002e2810fa12263d1fa3c.jpg,640,640,laying down,32,65,441,494
7_jpg.rf.dc452f8efa039bf258eb028c64876612.jpg,640,640,sitting,44,1,564,640
2019-01-04_19-10-18_UTC_jpg.rf.ce8a519cfbafda8dea02d37379ad540b.jpg,640,640,squatting,188,147,542,509
67_jpg.rf.dcee9d8878fe239c078bb9b6dec1fcdc.jpg,640,640,sitting,77,249,462,640
14_jpg.rf.c839e64d8ea13e60804eb4f68aaf93b2.jpg,640,640,sitting,165,94,455,447
2019-01-07_17-54-55_UTC_jpg.rf.e1841179b5c4805ec789f058dc57211a.jpg,640,640,squatting,180,474,384,640
25_jpg.rf.de1cd8b08979069cf8f7122dbf548d5f.jpg,640,640,laying down,190,216,521,556
44_jpg.rf.ea3f05fd6cb299cca70bb408d0d1aa06.jpg,640,640,sitting,237,234,356,570
2023-03-28_19-27-05_UTC_jpg.rf.de82e8ad0c34651095d4f874a535dd77.jpg,640,640,squatting,304,382,404,483
30_jpg.rf.d214b0a5eeee1b644a7f461567c5eef9.jpg,640,640,laying down,235,291,430,398
106_jpg.rf.e583df03a5595b2f94c148f02c3ec1db.jpg,640,640,laying down,0,207,640,539
38_jpg.rf.e1fecb99833830f9307237570e0d750b.jpg,640,640,sitting,209,50,473,640
82_jpg.rf.ea975a2cf2287defdd2f86e4c86f7bc6.jpg,640,640,sitting,121,45,496,513
134_jpg.rf.e27285150a3588ee160a8994b3770116.jpg,640,640,laying down,113,156,251,300
134_jpg.rf.e27285150a3588ee160a8994b3770116.jpg,640,640,laying down,289,117,624,481
2016-10-26_15-46-47_UTC_jpg.rf.eb55bb284a811a5b21068ec2906bfdb5.jpg,640,640,squatting,314,292,625,640
2021-05-31_22-26-21_UTC_jpg.rf.d7f641050b4d5699e1cc7c19dcd13e3c.jpg,640,640,squatting,90,402,260,525
109_jpg.rf.e821e0b8653bbaa6dea5e6884d8dec7e.jpg,640,640,laying down,238,269,640,546
139_jpg.rf.e11d35f6b21a2c62cba13f023137e0f7.jpg,640,640,laying down,74,73,569,563
2022-11-10_15-02-51_UTC_jpg.rf.de04944add7265fd016ddd316f189ea2.jpg,640,640,squatting,155,291,428,470
192_jpg.rf.d4dff125c62536670347ff1f3a1fa41a.jpg,640,640,laying down,69,4,413,640
16_jpg.rf.e65341a634ef63b33d2b52e759ec3b61.jpg,640,640,sitting,34,67,640,534
2018-12-04_00-23-39_UTC_jpg.rf.decbc0f2d7683434d6d33a7dcf17bec2.jpg,640,640,squatting,76,330,237,466
2019-12-03_01-32-08_UTC_jpg.rf.e1c02e29d35e437fdfff5b71747aef2d.jpg,640,640,squatting,314,361,470,566
22_jpg.rf.ec12f15f2446e345326faae77189e794.jpg,640,640,sitting,26,27,475,621
88_jpg.rf.de6d10799cfcf3efcbac41c06701ec93.jpg,640,640,sitting,108,67,538,539
n02099849_4406_jpg.rf.e7070b56b9982ed9d70c26c2ba53d07a.jpg,640,640,sitting,150,111,402,476
84_jpg.rf.ecc4c826320ebbef76c5d911a70e3429.jpg,640,640,sitting,421,222,630,606
n02099712_5338_jpg.rf.ed6aa3859bf457dedb705a4499075962.jpg,640,640,sitting,98,146,512,605
197_jpg.rf.f158015836740ebb7db65a355ceac4b5.jpg,640,640,laying down,110,360,590,598
2021-01-14_16-55-59_UTC_1_jpg.rf.ef76f648641a472edaa3013fec8bf9c2.jpg,640,640,squatting,103,407,305,591
2019-07-23_22-29-56_UTC_jpg.rf.ee1f6c385df4da318da64c1ee31ca813.jpg,640,640,squatting,191,462,357,640
23_jpg.rf.f197f09c233b0e0612b47d0e1a00d639.jpg,640,640,laying down,0,99,581,491
45_jpg.rf.e67d3e1fec61dafb245af97269f3523d.jpg,640,640,sitting,199,51,640,640
2019-10-11_19-58-01_UTC_jpg.rf.f76d666b71d710b79c76f8cee9423b7b.jpg,640,640,squatting,21,442,109,518
2_jpg.rf.f1c6ce5b871401179e051687f691e09a.jpg,640,640,sitting,8,11,612,637
2020-03-08_16-13-50_UTC_jpg.rf.f2e8af9cac761cf89f548153763bb7de.jpg,640,640,squatting,121,426,304,547
29_jpg.rf.f7a19d20d8430e3281dff28a5afa5add.jpg,640,640,sitting,0,239,477,515
2020-02-10_01-58-40_UTC_jpg.rf.f87f9431691359fac934a09408eef239.jpg,640,640,squatting,52,269,300,424
17_jpg.rf.f27dc659e704dcad5b53df597fe8e0f0.jpg,640,640,sitting,113,97,388,640
47_jpg.rf.f249708ca94c0543f2b17b16da1efad0.jpg,640,640,sitting,32,16,627,637
184_jpg.rf.fa052b15224b572676b21647c17b86bb.jpg,640,640,laying down,143,109,500,591
2020-04-01_23-29-55_UTC_jpg.rf.ef6bbb3ac665f7ac6b5aaee8140fbce0.jpg,640,640,squatting,187,495,370,606
2016-06-06_15-24-15_UTC_jpg.rf.fd5be7aa7773592aa2dd42c2fddc7157.jpg,640,640,squatting,283,480,403,541
2018-01-04_22-21-10_UTC_jpg.rf.fd8e19b8a8770a96e4be0163a62dad68.jpg,640,640,squatting,277,460,378,567
2021-02-25_20-17-40_UTC_jpg.rf.faeef0df0ebe0576ac6100fdb6fbbff3.jpg,640,640,squatting,34,413,218,597
n02099849_3777_jpg.rf.f59160f296439ba45be01502f7b45114.jpg,640,640,sitting,272,144,436,521
2018-02-09_15-20-47_UTC_jpg.rf.f959222b596744eb18d8f764ea603e7b.jpg,640,640,squatting,108,286,410,485
2020-01-08_17-18-35_UTC_jpg.rf.fb6b57dadcd49fe10f75af1ed2b7b574.jpg,640,640,squatting,364,372,521,540
98_jpg.rf.fc9cd70bc1bc8a36e019239f9be6653b.jpg,640,640,sitting,56,133,505,620
210_jpeg.rf.fe1b9a340d9bebd54c3ead0b6008dd93.jpg,640,640,laying down,0,145,503,490
2018-05-22_18-34-15_UTC_jpg.rf.006a23823808e34a6aabdd56404c3aec.jpg,640,640,squatting,106,304,460,565
152_jpg.rf.008148d622ded1ff811b6c2bd3ef2f0e.jpg,640,640,laying down,103,175,516,554
2022-01-16_17-47-08_UTC_jpg.rf.011f9845de0c005d8996170da5a47d07.jpg,640,640,squatting,197,284,419,461
2020-02-12_21-05-32_UTC_jpg.rf.0393d7c1df7d6a6f7924921fd0685ee9.jpg,640,640,squatting,469,560,544,626
2_jpg.rf.06b7674cbf3237059394c9341f5d66a0.jpg,640,640,laying down,48,118,554,345
2021-10-12_14-45-07_UTC_jpg.rf.06e5212b6a2f334739051c26137f024b.jpg,640,640,squatting,281,222,567,524
132_jpg.rf.06f2af6e55393565169bb9b32166bbae.jpg,640,640,laying down,105,197,606,609
136_jpg.rf.055163cd02107f4b2ae86ff6d38d2494.jpg,640,640,laying down,41,258,640,590
73_jpg.rf.04d9c8dc436eb6251bfe16903a9c9325.jpg,640,640,sitting,146,50,358,399
73_jpg.rf.04d9c8dc436eb6251bfe16903a9c9325.jpg,640,640,sitting,403,271,607,623
254_jpg.rf.0a9af1b55b874a35477db02a3ca19ae3.jpg,640,640,laying down,192,203,540,536
110_jpg.rf.0b0844257f4b601a7465afc5a51b2a18.jpg,640,640,laying down,224,238,640,546
2020-01-08_02-52-38_UTC_jpg.rf.030609df98d3e60a1eb682a1b4a44dc9.jpg,640,640,squatting,52,198,561,633
2020-04-15_21-28-41_UTC_jpg.rf.0170171ade7277f9ccc580676b461297.jpg,640,640,squatting,117,446,288,564
n02099849_2068_jpg.rf.0884e184e9ac4a29bd77c449cee918f9.jpg,640,640,sitting,109,164,354,640
n02099849_2068_jpg.rf.0884e184e9ac4a29bd77c449cee918f9.jpg,640,640,sitting,327,199,579,640
2019-04-24_21-02-12_UTC_jpg.rf.0fd86c6fb9faef3f7d41bd6168cfdb5f.jpg,640,640,squatting,302,430,361,532
15_jpg.rf.0541871c8baaea0bc7bc3add1063c9e3.jpg,640,640,laying down,263,122,467,235
54_jpg.rf.0d78999b24c1ee0c86467436027f6957.jpg,640,640,sitting,67,188,491,548
2019-09-04_22-32-14_UTC_jpg.rf.113365f305767a3f35cb28bb4fe181c5.jpg,640,640,squatting,179,282,456,520
33_jpg.rf.097fa8dc64f4962454bc57e528d4df33.jpg,640,640,sitting,160,24,456,640
2018-07-31_23-00-07_UTC_jpg.rf.10f4307de1fcb6954267b460bbb5d170.jpg,640,640,squatting,8,259,206,634
51_jpg.rf.171908e20fca528638b22e822a06ac09.jpg,640,640,sitting,92,38,626,640
165_JPG.rf.0cb61d7c917288ab90b0531b03e7abe6.jpg,640,640,laying down,71,195,382,612
165_JPG.rf.0cb61d7c917288ab90b0531b03e7abe6.jpg,640,640,sitting,328,28,591,550
2015-12-14_02-59-38_UTC_jpg.rf.09f0ae443bb94f7d38f2f4cd72980274.jpg,640,640,squatting,201,290,454,521
240_jpeg.rf.0dabba0511ed6ad1b7c79f94e4aedb61.jpg,640,640,laying down,104,334,598,520
80_jpg.rf.190fc098a09794b8fcea27d0bef46dad.jpg,640,640,sitting,87,2,496,608
2017-05-26_15-57-14_UTC_jpg.rf.0982fef73e2994f1740dacf8474ecb40.jpg,640,640,squatting,4,205,640,562
103_jpg.rf.14b3809a1f36f1e3b7c1c6266d9e4c06.jpg,640,640,laying down,28,146,355,310
103_jpg.rf.14b3809a1f36f1e3b7c1c6266d9e4c06.jpg,640,640,laying down,285,210,451,339
13_jpg.rf.1a224f8584eba511c2f212e95205930b.jpg,640,640,sitting,55,40,626,640
86_jpg.rf.221309e2315d8c5a263ba28f2b52ae7d.jpg,640,640,sitting,34,50,601,640
205_jpg.rf.10bd4992575e6fa346dd74b128226c68.jpg,640,640,laying down,200,183,394,353
2017-04-03_13-04-41_UTC_jpg.rf.184e73a811ac6143d0fa6f505c069910.jpg,640,640,squatting,168,328,291,417
n02099849_927_jpg.rf.20e51ea2acc8865edd742fd1cadc27ca.jpg,640,640,sitting,148,96,522,578
198_jpg.rf.16e4adfc26be798eba0af2ee6de1e478.jpg,640,640,laying down,106,198,413,458
2019-11-22_21-47-12_UTC_jpg.rf.2621219756916030a6d07114a9f88cef.jpg,640,640,squatting,169,313,383,563
23_jpg.rf.18693c0c9ef773a6bb8b0aa4857db959.jpg,640,640,sitting,112,38,632,640
191_jpg.rf.20cd7fde12883ee5a192749c4bf3a794.jpg,640,640,laying down,68,200,623,626
2018-10-23_23-49-30_UTC_jpg.rf.2a6fd9a17b5a397bc4bf22d5e5986fea.jpg,640,640,squatting,192,329,352,445
2020-08-27_19-09-54_UTC_jpg.rf.288d13fc614ff5acf6463bc15adda63c.jpg,640,640,squatting,151,319,393,504
2016-10-02_20-59-33_UTC_jpg.rf.0ebaca9009ba6f9eeae0182402a9375e.jpg,640,640,squatting,256,276,372,415
127_jpg.rf.1334880f76169d8719122af0731de29a.jpg,640,640,laying down,151,313,278,369
127_jpg.rf.1334880f76169d8719122af0731de29a.jpg,640,640,laying down,274,519,495,639
127_jpg.rf.1334880f76169d8719122af0731de29a.jpg,640,640,laying down,302,342,450,440
127_jpg.rf.1334880f76169d8719122af0731de29a.jpg,640,640,laying down,477,326,625,386
127_jpg.rf.1334880f76169d8719122af0731de29a.jpg,640,640,laying down,461,382,614,459
127_jpg.rf.1334880f76169d8719122af0731de29a.jpg,640,640,laying down,1,321,97,363
2019-02-19_17-02-59_UTC_jpg.rf.1d69c4583fd8bc61719f8b4baf0a2244.jpg,640,640,squatting,399,392,492,458
34_jpg.rf.2b747bddb0ae9f091771c32089f5b3dd.jpg,640,640,laying down,297,290,640,478
2019-08-16_21-18-47_UTC_jpg.rf.112682d2d88cd135e3c348d590cc26b3.jpg,640,640,squatting,123,244,383,516
48_jpg.rf.2d7fd89f87b1e90e0d7617849d7a07f7.jpg,640,640,sitting,175,92,553,607
2021-08-16_17-21-35_UTC_jpg.rf.2c1e7ad377de7347db0112a66a61e364.jpg,640,640,squatting,288,357,348,430
133_jpg.rf.22b67a91d2374d370bb7066ffd52b095.jpg,640,640,laying down,48,12,594,640
24_jpg.rf.1d18de09c3d6e434b13915adfc1b753b.jpg,640,640,laying down,65,132,459,251
2019-09-25_21-39-04_UTC_jpg.rf.29d660f430cfa8db60a85b9844b15e97.jpg,640,640,squatting,248,544,337,622
2022-07-01_18-53-09_UTC_jpg.rf.2f1c8d70c8243068333e1558a75b2fdb.jpg,640,640,squatting,22,555,83,616
17_jpg.rf.2fafe9c6ecf32089989ed8db15ea4a34.jpg,640,640,laying down,0,143,529,521
24_jpg.rf.22a6e53a0850868ce399a21dcb1a919b.jpg,640,640,sitting,133,88,549,562
175_jpg.rf.3a665acf09b2b8e1c3c055f5b5729100.jpg,640,640,laying down,28,91,398,385
20_jpg.rf.300b284d0f1124e9bfb2fec1cf874ec6.jpg,640,640,sitting,236,90,556,630
36_jpg.rf.39eee43e4303c7bd76200ecd0570edd2.jpg,640,640,laying down,36,229,306,328
39_jpg.rf.3781c0fcd0daf3ffa9ea20d438ae97d9.jpg,640,640,laying down,252,287,489,473
244_jpg.rf.26f7ef3f5a580ab438bdb0891f6ff24e.jpg,640,640,laying down,8,158,639,489
2020-12-14_16-16-45_UTC_jpg.rf.2c8b4b2375c77f7e3e7ed3e903ee2cc5.jpg,640,640,squatting,226,440,390,566
2020-02-01_17-49-22_UTC_jpg.rf.396533834655f87e41a9459b0c5d2b88.jpg,640,640,squatting,265,233,640,501
2022-03-15_15-32-43_UTC_jpg.rf.35e8a0573baab76cad2db54e5c145de4.jpg,640,640,squatting,110,283,409,522
2021-09-21_17-51-16_UTC_jpg.rf.373ce4ee1fe850595facff89bfe4505f.jpg,640,640,squatting,279,416,475,528
202_jpg.rf.321b6bdbc9bc4987baefa0e0ef44efa2.jpg,640,640,laying down,116,132,521,622
37_jpg.rf.333e7172e7e529cc5ae5f7edd0735bf4.jpg,640,640,sitting,177,101,408,627
53_jpg.rf.3accc863c43973f0dace62bc222d184c.jpg,640,640,sitting,87,65,620,608
250_jpg.rf.356daef683e5dadc3f48a6357bc5f07e.jpg,640,640,laying down,278,222,480,522
2021-01-14_16-55-59_UTC_2_jpg.rf.350fabddef4eed67056fad2f5e0b1454.jpg,640,640,squatting,123,380,378,585
n02099712_3865_jpg.rf.3e44bddc0b2cecde33f9c8468f90ba96.jpg,640,640,sitting,147,134,493,565
105_jpg.rf.3fe62a9be0f412346fea13242dbdfdf6.jpg,640,640,laying down,259,81,640,209
10_jpg.rf.3d3b5826fbdc26dbc09e84114c606ff1.jpg,640,640,laying down,0,120,558,266
135_jpg.rf.3f70e93ca90ff30d28ae3749a89a0143.jpg,640,640,laying down,75,94,601,565
185_jpg.rf.366c606fca81082fb077b7df9538f87a.jpg,640,640,laying down,68,137,611,596
2020-01-05_19-25-08_UTC_jpg.rf.2b015e9ae107cbb5f2dee4f96c5bdcd9.jpg,640,640,squatting,153,321,470,493
n02099849_2250_jpg.rf.3ac046e2d57c3c96a7ffa0f3698d59f0.jpg,640,640,sitting,261,87,480,585
157_png.rf.22cc8778e3bd82c72ec59c2a4184847a.jpg,640,640,laying down,0,198,237,374
157_png.rf.22cc8778e3bd82c72ec59c2a4184847a.jpg,640,640,laying down,181,126,500,462
n02099712_1414_jpg.rf.3c4edebbb3b7f9dbdde83b9408dc19b9.jpg,640,640,sitting,135,134,525,565
97_jpg.rf.4245e361b1b9774f2527c87f75f5a3d4.jpg,640,640,sitting,37,95,525,626
26_jpg.rf.341d40116d2fbc2aa56a607e3a60ef1b.jpg,640,640,sitting,221,187,494,419
79_jpg.rf.449430a44cad9202873b3e722368c7ad.jpg,640,640,sitting,46,48,223,602
74_jpg.rf.44b828a7bbf821559df1d42846bd9210.jpg,640,640,sitting,27,30,241,640
n02099849_3220_jpg.rf.45347dc5f8556b5f21d75a94021a7660.jpg,640,640,sitting,290,271,401,488
2022-07-12_22-11-30_UTC_jpg.rf.3ce83956a766e757ac83e1ae3c75888a.jpg,640,640,squatting,364,340,583,612
n02099712_8719_jpg.rf.47c61e08d4fcd6a1812fc653396eb9c6.jpg,640,640,sitting,124,23,510,625
5_jpg.rf.401125f79b0af00592716b4f677a3a1f.jpg,640,640,sitting,150,154,523,448
41_jpg.rf.3f4584414198343ddbe69c594b9a5e05.jpg,640,640,sitting,109,152,462,599
40_jpg.rf.42d41389f8a28918a142c290afc5c07e.jpg,640,640,laying down,122,235,529,462
122_jpg.rf.4cc44d4c04c43e548ab0f57951ec43b2.jpg,640,640,laying down,48,27,510,625
46_jpg.rf.47103fe6f04de908d2aa8b68b7b85517.jpg,640,640,sitting,32,30,570,640
117_jpg.rf.41c86e00b4f5b96719b4fcab16a2365c.jpg,640,640,laying down,43,165,546,464
2019-10-29_22-34-00_UTC_jpg.rf.3fa2189884ba4dead48120d9b24ed44d.jpg,640,640,squatting,133,339,611,539
2021-06-21_14-38-04_UTC_jpg.rf.44fc2277a08ff4ac0ba69e2dfedfcebe.jpg,640,640,squatting,267,375,362,471
2022-10-31_15-04-06_UTC_jpg.rf.4ddd2bd1d47fb6df3ac244bbe7ba4607.jpg,640,640,squatting,315,434,396,534
141_jpg.rf.516e12b9972e42341a20e1a6cd67a522.jpg,640,640,laying down,25,56,590,572
179_jpg.rf.52b32e90f7007dc368d7b5bb84ec206b.jpg,640,640,laying down,153,32,538,623
2020-11-20_18-20-20_UTC_jpg.rf.49d3a77dd2f036cd4674e7713ed8b19e.jpg,640,640,squatting,138,483,267,597
15_jpg.rf.5224441ed33d980a022f797c28fd8863.jpg,640,640,sitting,93,41,640,640
2023-02-01_15-48-41_UTC_jpg.rf.4cf777a979d50a581938ddebe14e757c.jpg,640,640,squatting,217,375,447,526
39_jpg.rf.4e7cf9ab014fe1f03e83e2f789e3f4dc.jpg,640,640,sitting,177,120,367,613
2020-10-28_19-09-33_UTC_jpg.rf.571a7d3f30269daf8aec4bcbf3716dee.jpg,640,640,squatting,274,335,348,377
n02099849_1068_jpg.rf.4a8a23fca7294e3c8f312b1c7dfff7c1.jpg,640,640,sitting,70,28,640,637
57_jpg.rf.5799c625cbbc626503cc36ffe4f547d9.jpg,640,640,sitting,199,46,464,640
62_jpg.rf.45fdb39a38baa3106eb09425b0bff961.jpg,640,640,sitting,382,63,612,610
178_jpg.rf.5c0f77490c386ace3d538b9ccb7eea33.jpg,640,640,laying down,25,90,579,550
177_jpg.rf.4fcd648d2800bb74fff9b06a00994d48.jpg,640,640,laying down,21,243,520,508
99_jpg.rf.4cca8891a87e0772ace6922c62db57b6.jpg,640,640,sitting,187,42,554,638
2022-03-14_13-45-18_UTC_jpg.rf.5e2c1588706367d831b317d832ef54c5.jpg,640,640,squatting,344,364,417,429
2022-01-12_14-47-10_UTC_2_jpg.rf.5b1c4cbdc9b23169dff731c368f9b3d0.jpg,640,640,squatting,267,346,471,536
2017-09-20_00-45-43_UTC_jpg.rf.5ede8faabe10928d00a91c34b4da8bec.jpg,640,640,squatting,513,528,589,607
128_jpg.rf.55fa007103f48a93d504c996e522f84d.jpg,640,640,laying down,161,351,516,588
128_jpg.rf.55fa007103f48a93d504c996e522f84d.jpg,640,640,laying down,229,142,373,319
n02099849_3283_jpg.rf.639057dd7fba9405967fb422a1d14f93.jpg,640,640,sitting,142,189,457,606
2022-10-11_17-23-12_UTC_jpg.rf.53395ce913d5b0810f134a42460699b0.jpg,640,640,squatting,373,360,581,511
2022-06-30_14-04-47_UTC_jpg.rf.5f9d269ad1956789d053c9964d703c38.jpg,640,640,squatting,337,453,485,540
2020-05-29_22-26-17_UTC_jpg.rf.61e4e3487b231109a5508e29dd256fb0.jpg,640,640,squatting,191,352,414,485
2022-01-12_19-36-00_UTC_jpg.rf.633bcfef0e08588244290cce82042e63.jpg,640,640,squatting,250,422,543,587
115_jpg.rf.5d0c74c24a533ccac35b6f59bc132cb6.jpg,640,640,laying down,73,28,640,512
56_jpg.rf.64e9ca6a1601b3ac19f7b0c38a666472.jpg,640,640,sitting,0,45,626,612
102_jpg.rf.69b4e1afc824f3a47f00b707f96c09d0.jpg,640,640,laying down,11,134,560,627
2021-04-06_19-07-55_UTC_jpg.rf.55af0a9a8b31a3f73d9c9b53876c1fe4.jpg,640,640,squatting,275,394,427,606
n02099712_7133_jpg.rf.68c32f9494d39b66466e04be95508b4c.jpg,640,640,sitting,100,37,542,530
118_jpg.rf.4a3bf99a86815667ed09e1b6464996c5.jpg,640,640,laying down,0,38,640,283
118_jpg.rf.4a3bf99a86815667ed09e1b6464996c5.jpg,640,640,laying down,50,210,626,589
2020-05-01_17-48-38_UTC_jpg.rf.528c007c35af85e36df0179214313960.jpg,640,640,squatting,495,451,640,611
70_jpg.rf.4f2c4a466e50722c601fdd41057a7d80.jpg,640,640,sitting,32,70,170,536
70_jpg.rf.4f2c4a466e50722c601fdd41057a7d80.jpg,640,640,sitting,173,127,286,516
70_jpg.rf.4f2c4a466e50722c601fdd41057a7d80.jpg,640,640,sitting,282,69,419,537
70_jpg.rf.4f2c4a466e50722c601fdd41057a7d80.jpg,640,640,sitting,449,52,627,592
n02099849_1830_jpg.rf.65f8a62341eec030ce888a568eb2175c.jpg,640,640,sitting,158,87,473,640
2022-08-30_21-19-59_UTC_jpg.rf.6b0f0dc3c8d7e16e3085ad5d74c48cc4.jpg,640,640,squatting,377,456,436,566
2022-10-11_13-57-34_UTC_jpg.rf.6cd9bdcb17e3ead1015e45bf0e74fee0.jpg,640,640,squatting,275,364,361,434
248_jpeg.rf.61ee100a256b207147e9979048d48003.jpg,640,640,laying down,0,88,528,639
2017-09-22_16-49-25_UTC_jpg.rf.6ecc3a61999b2bda4d6540d0e694a6ba.jpg,640,640,squatting,57,301,412,558
32_jpg.rf.7528892e77789d6c3fa4059df037a251.jpg,640,640,sitting,181,79,517,525
2018-08-03_23-03-44_UTC_jpg.rf.6bc5e6941c48e5537388ad0c5faf6273.jpg,640,640,squatting,88,399,243,500
2016-04-07_20-00-04_UTC_jpg.rf.6da1b7ba876eeca728d9eb647a39786a.jpg,640,640,squatting,172,222,461,434
172_jpg.rf.723bab721f89ebf662f5bdad4e48bfb0.jpg,640,640,laying down,1,10,433,592
172_jpg.rf.723bab721f89ebf662f5bdad4e48bfb0.jpg,640,640,laying down,375,5,640,640
2021-07-09_20-40-04_UTC_jpg.rf.63a9ede0319d072de16938971cc058dd.jpg,640,640,squatting,222,285,596,603
180_jpg.rf.76e22f4aabb3bda7190872a7b50006ce.jpg,640,640,laying down,94,47,476,572
196_jpg.rf.7875bce73c27efdaf0daea9594c87f87.jpg,640,640,laying down,72,75,538,550
142_jpg.rf.688f4cfec64c92398c19c17acd84f4f6.jpg,640,640,laying down,88,196,462,484
78_jpg.rf.7722df4fd2323bcdc0f60ce80f11c4e4.jpg,640,640,sitting,130,25,582,628
2019-10-17_01-05-09_UTC_jpg.rf.75a084cf32d6e7abcd5e875f56669516.jpg,640,640,squatting,90,418,216,526
2019-08-19_19-08-01_UTC_jpg.rf.6bb7ca9734901258de66da2ab5a615cf.jpg,640,640,squatting,216,325,417,548
2021-09-22_16-26-29_UTC_jpg.rf.7896e6257c881bd63c86b8daf564f391.jpg,640,640,squatting,316,443,451,628
2015-12-01_13-44-07_UTC_jpg.rf.790cb36902d52f55400ed7e648dc16da.jpg,640,640,squatting,1,520,138,637
2017-06-17_01-57-43_UTC_jpg.rf.62744bfe68ed03d447c414786eb3f427.jpg,640,640,squatting,142,110,498,319
2015-12-09_12-03-54_UTC_jpg.rf.6d1049f9959f9fa994c78686c13abe04.jpg,640,640,squatting,390,358,562,497
257_jpg.rf.7b833a3f721678ad2cb57cd946546afc.jpg,640,640,laying down,182,209,426,315
n02099601_5642_jpg.rf.5347f4ecebb22030984da220d76e015c.jpg,640,640,sitting,65,61,608,610
2019-09-06_15-43-10_UTC_jpg.rf.7f8a1351dc6be7f65fa5c877a61473bd.jpg,640,640,squatting,90,422,352,640
2020-10-07_17-59-47_UTC_jpg.rf.7916fc06e02abb2779a7224a87086aca.jpg,640,640,squatting,82,374,218,533
1_jpg.rf.7dea99c7171be5b8184eba45dd5e802f.jpg,640,640,sitting,300,214,586,440
31_jpg.rf.85d2e46cb0bf17337a1a5884d5b1d8c1.jpg,640,640,laying down,138,224,389,439
2022-11-11_20-02-48_UTC_jpg.rf.7cf15f041ba4fae2746d6083a8411183.jpg,640,640,squatting,170,480,257,607
68_jpg.rf.870ebdec5952088913df45717518cb08.jpg,640,640,sitting,209,247,452,415
68_jpg.rf.870ebdec5952088913df45717518cb08.jpg,640,640,sitting,0,229,99,339
43_jpg.rf.760aaf091c8601f8e06c966b3b42d8f8.jpg,640,640,sitting,193,87,485,609
38_jpg.rf.85b21635e5c06a0f5246bc6a2ec9cf52.jpg,640,640,laying down,250,367,401,479
28_jpg.rf.7e8ad58715fe87665ed696404e7f6bac.jpg,640,640,sitting,197,118,449,565
n02099712_2224_jpg.rf.80ca872149957c9c1516568865f8c1c1.jpg,640,640,sitting,53,78,363,640
n02099712_2224_jpg.rf.80ca872149957c9c1516568865f8c1c1.jpg,640,640,sitting,364,110,640,640
231_jpeg.rf.7bae2be85685a37387d066ee7ea89234.jpg,640,640,laying down,222,247,473,471
113_jpg.rf.8782d2ea7422adc175beea9318e46897.jpg,640,640,laying down,0,123,395,628
113_jpg.rf.8782d2ea7422adc175beea9318e46897.jpg,640,640,laying down,171,1,638,173
113_jpg.rf.8782d2ea7422adc175beea9318e46897.jpg,640,640,laying down,274,145,634,463
27_jpg.rf.6fea56fa1e950b316b050fe80e1498ed.jpg,640,640,laying down,117,139,424,240
123_jpg.rf.7d4bf77ea9252124df7b0f8e385180cb.jpg,640,640,laying down,136,127,561,458
206_jpg.rf.85b64f7f8aaa3b3ee011417aebfea262.jpg,640,640,laying down,107,170,609,564
155_jpeg.rf.484210ce8c8d623ffbe52754865ff61d.jpg,640,640,laying down,127,57,479,575
20_jpg.rf.8ceb363c8b506e922487cba37f426529.jpg,640,640,laying down,4,156,639,330
137_jpg.rf.8f2d60d98707eb5f2bdb8c03943b790e.jpg,640,640,laying down,116,81,640,601
2016-11-21_17-42-35_UTC_jpg.rf.7fba475c528c8811bd8aaaf2bd0038ea.jpg,640,640,squatting,78,226,403,561
189_jpg.rf.90ea159ac0a78fae5d2550cdc15ef926.jpg,640,640,laying down,142,72,418,602
2017-02-19_03-10-25_UTC_jpg.rf.8aa9d5ee9f63aa0cb739fc2a8a15230a.jpg,640,640,squatting,313,472,434,577
2019-09-11_18-15-56_UTC_jpg.rf.9150949c4fa003130626953eea21ab18.jpg,640,640,squatting,55,429,190,495
214_jpg.rf.89f0bb481bb885d7163bd289e04a7cc4.jpg,640,640,laying down,82,275,270,555
214_jpg.rf.89f0bb481bb885d7163bd289e04a7cc4.jpg,640,640,laying down,498,395,640,616
214_jpg.rf.89f0bb481bb885d7163bd289e04a7cc4.jpg,640,640,laying down,447,211,640,429
214_jpg.rf.89f0bb481bb885d7163bd289e04a7cc4.jpg,640,640,laying down,479,114,640,264
2017-11-23_20-25-48_UTC_jpg.rf.7d8f71b74aeeb2acccc4ac0d34da86dc.jpg,640,640,squatting,314,333,426,439
n02099712_7179_jpg.rf.91d8c656663314e22c5f077f3bfa3741.jpg,640,640,sitting,65,166,386,586
n02099712_7179_jpg.rf.91d8c656663314e22c5f077f3bfa3741.jpg,640,640,sitting,273,131,640,544
188_jpg.rf.866db6f11ea21837189d79afd4bef065.jpg,640,640,laying down,117,177,434,435
176_jpg.rf.8e564517fa9627464c83cb0f51bc4c0a.jpg,640,640,laying down,185,169,593,479
n02099601_6318_jpg.rf.9627126eca8b78299e03edd262a07a05.jpg,640,640,sitting,151,118,468,581
181_jpg.rf.962036f2799239ff79d9724cdc239308.jpg,640,640,laying down,70,364,317,640
181_jpg.rf.962036f2799239ff79d9724cdc239308.jpg,640,640,laying down,339,282,575,550
0_jpg.rf.8bf02430a293d32f10368bfa31c32387.jpg,640,640,sitting,113,52,518,425
107_jpg.rf.7d097ce65e6a7cfce2e015f6a2b748e4.jpg,640,640,laying down,127,87,640,624
12_jpg.rf.972e4a72c37e570a3adee190a9bd6339.jpg,640,640,laying down,47,162,619,629
255_JPG.rf.971f4cdb012f3782b1c925389bf12436.jpg,640,640,laying down,59,52,584,612
19_jpg.rf.9c3e8c051a44103c8ea19050a9c469dd.jpg,640,640,laying down,237,161,501,457
n02099849_31_jpg.rf.91e0e00446440fefda6ee2f0b279565c.jpg,640,640,sitting,242,131,421,539
252_jpg.rf.99d2c4ecbdcf1e28b4a6afbb29cd22f6.jpg,640,640,laying down,0,102,628,640
30_jpg.rf.8921af2604f557d62793f1dbf0394ec6.jpg,640,640,sitting,206,171,373,483
60_jpg.rf.9425e289a07728bed174a9ee8e51c2c9.jpg,640,640,sitting,291,200,494,556
59_jpg.rf.a5fb55f62e91af9db061ec1c716d37cd.jpg,640,640,sitting,52,29,611,598
n02099712_6275_jpg.rf.9c4301a6ff4d1113cd5d23967f6c90c8.jpg,640,640,sitting,84,27,528,622
n02099849_43_jpg.rf.a19764603ff71c799812e2c821282c64.jpg,640,640,sitting,201,212,366,558
2021-07-29_16-22-50_UTC_2_jpg.rf.9ed5f1ee5c1748ff7a2d71647a6b6339.jpg,640,640,squatting,101,396,597,640
2021-07-07_16-06-01_UTC_jpg.rf.a669475f2263602c5de64e9e2be4f4f4.jpg,640,640,squatting,301,466,428,551
11_jpg.rf.a3800c07c1694f254e560d9a1e36fae6.jpg,640,640,laying down,267,182,436,301
11_jpg.rf.a3800c07c1694f254e560d9a1e36fae6.jpg,640,640,laying down,256,287,469,640
2021-07-23_02-58-30_UTC_jpg.rf.a0dfacb699a91134caf869e58b13e975.jpg,640,640,squatting,383,579,436,626
2021-11-21_16-52-38_UTC_jpg.rf.a4db1425926d2e44ea3f559053604532.jpg,640,640,squatting,154,465,293,549
22_jpg.rf.9a92148ff955c7895acf2107a2a6342c.jpg,640,640,laying down,168,77,568,272
0_jpg.rf.aa0d338120049ed3da88a71ff1e1d496.jpg,640,640,laying down,124,95,640,370
2019-02-28_18-01-08_UTC_jpg.rf.a7833eb6fa4b23777f04cb83d681fddc.jpg,640,640,squatting,238,428,320,484
204_jpg.rf.9e00834c0388f76c948c2efa17ce756b.jpg,640,640,laying down,87,242,277,374
204_jpg.rf.9e00834c0388f76c948c2efa17ce756b.jpg,640,640,laying down,127,377,313,504
204_jpg.rf.9e00834c0388f76c948c2efa17ce756b.jpg,640,640,laying down,261,244,395,388
204_jpg.rf.9e00834c0388f76c948c2efa17ce756b.jpg,640,640,laying down,338,396,493,570
204_jpg.rf.9e00834c0388f76c948c2efa17ce756b.jpg,640,640,laying down,477,393,615,522
2023-01-31_20-20-02_UTC_jpg.rf.9a5a6b6d47551a7d7ec2a079b9c31923.jpg,640,640,squatting,270,474,356,540
2016-03-30_04-35-16_UTC_jpg.rf.94feca15219ec2f7cc510acabd5d8282.jpg,640,640,squatting,157,237,286,367
159_jpg.rf.9788367a18f148adcb341f983a4cb95a.jpg,640,640,laying down,179,110,511,590
2022-03-15_13-53-14_UTC_jpg.rf.a9a23a909bbfa03615a6ed0ffcae28cd.jpg,640,640,squatting,255,318,385,426
2023-04-06_16-58-41_UTC_jpg.rf.a23d4412ec332eaf8bb34847140463dc.jpg,640,640,squatting,98,347,322,618
n02099601_78_jpg.rf.aae5d3674757783515faf42f601adfbf.jpg,640,640,sitting,194,290,374,604
12_jpg.rf.aaa013c42ed98c4970febc10043235ae.jpg,640,640,sitting,55,57,602,602
2021-12-01_00-28-24_UTC_jpg.rf.b0c1b494107680ef439cc064895e906f.jpg,640,640,squatting,4,322,213,470
35_jpg.rf.a63e4a028db71422fba17bc990e16588.jpg,640,640,sitting,45,63,454,578
28_jpg.rf.af00effe0896d38a831857636350e1e5.jpg,640,640,laying down,170,2,640,415